[
    {
       "eventID":"d1da7d8fd6ae0550cfb4cc4be500a6e9",
       "eventName":"MODIFY",
       "eventVersion":"1.1",
       "eventSource":"aws:dynamodb",
       "awsRegion":"us-east-1",
       "dynamodb":{
          "ApproximateCreationDateTime":1689646820.0,
          "Keys":{
             "PartitionKey":{
                "S":"SERVICES"
             },
             "SortKey":{
                "S":"2"
             }
          },
          "NewImage":{
             "ServicesName":{
                "S":"hi"
             },
             "PartitionKey":{
                "S":"SERVICES"
             },
             "SortKey":{
                "S":"2"
             }
          },
          "OldImage":{
             "Services":{
                "S":"hi"
             },
             "PartitionKey":{
                "S":"SERVICES"
             },
             "SortKey":{
                "S":"2"
             }
          },
          "SequenceNumber":"300000000013544025691",
          "SizeBytes":108,
          "StreamViewType":"NEW_AND_OLD_IMAGES"
       },
       "eventSourceARN":"arn:aws:dynamodb:us-east-1:289485838881:table/kronos-services-staging/stream/2023-07-17T23:59:05.978"
    }
 ]
